{"cameraMode":{"drawMode":0,"name":"Shaded","section":"Shading Mode"},"sceneLighting":false,"audioPlay":false,"sceneViewState":{"showFog":true,"showMaterialUpdate":false,"showSkybox":false,"showFlares":true,"showImageEffects":true,"showParticleSystems":true},"in2DMode":false,"pivot":{"x":-0.12815722823143006,"y":2.019331693649292,"z":0.2110154628753662},"rotation":{"x":-0.012411309406161309,"y":0.9856484532356262,"z":-0.14626967906951905,"w":-0.08451738208532334},"size":1.3822214603424073,"orthographic":false}