{"cameraMode":{"drawMode":0,"name":"Shaded","section":"Shading Mode"},"sceneLighting":true,"audioPlay":false,"sceneViewState":{"showFog":true,"showMaterialUpdate":false,"showSkybox":true,"showFlares":true,"showImageEffects":true,"showParticleSystems":true},"in2DMode":false,"pivot":{"x":14.695585250854493,"y":0.18522417545318604,"z":0.3502650260925293},"rotation":{"x":0.440683513879776,"y":-0.0010290528880432249,"z":0.000592759985011071,"w":0.8977687358856201},"size":14.677898406982422,"orthographic":false}