{"cameraMode":{"drawMode":0,"name":"Shaded","section":"Shading Mode"},"sceneLighting":false,"audioPlay":false,"sceneViewState":{"showFog":true,"showMaterialUpdate":false,"showSkybox":false,"showFlares":true,"showImageEffects":true,"showParticleSystems":true},"in2DMode":false,"pivot":{"x":-0.4984251856803894,"y":-0.5801743865013123,"z":1.0106405019760132},"rotation":{"x":0.2611956298351288,"y":-0.2677991986274719,"z":0.0756789892911911,"w":0.924335777759552},"size":1.5397989749908448,"orthographic":false}