{"cameraMode":{"drawMode":0,"name":"Shaded","section":"Shading Mode"},"sceneLighting":true,"audioPlay":false,"sceneViewState":{"showFog":true,"showMaterialUpdate":false,"showSkybox":true,"showFlares":true,"showImageEffects":true,"showParticleSystems":true},"in2DMode":false,"pivot":{"x":3.6847243309020998,"y":2.1263267993927,"z":-15.952099800109864},"rotation":{"x":-0.3950258791446686,"y":-0.05485568940639496,"z":0.023569602519273759,"w":-0.9168480634689331},"size":5.857884883880615,"orthographic":false}