{"cameraMode":{"drawMode":0,"name":"Shaded","section":"Shading Mode"},"sceneLighting":false,"audioPlay":false,"sceneViewState":{"showFog":true,"showMaterialUpdate":false,"showSkybox":false,"showFlares":true,"showImageEffects":true,"showParticleSystems":true},"in2DMode":false,"pivot":{"x":-17.58409881591797,"y":-28.40971565246582,"z":67.52852630615235},"rotation":{"x":0.19446663558483125,"y":-0.13061724603176118,"z":0.02592712640762329,"w":0.9721933603286743},"size":80.02074432373047,"orthographic":false}