{"cameraMode":{"drawMode":0,"name":"Shaded","section":"Shading Mode"},"sceneLighting":true,"audioPlay":false,"sceneViewState":{"showFog":true,"showMaterialUpdate":false,"showSkybox":true,"showFlares":true,"showImageEffects":true,"showParticleSystems":true},"in2DMode":false,"pivot":{"x":-2.305257558822632,"y":1.2399667501449586,"z":7.40766716003418},"rotation":{"x":0.2103600949048996,"y":0.3121940791606903,"z":-0.07087026536464691,"w":0.9238588809967041},"size":4.041658401489258,"orthographic":false}