{"cameraMode":{"drawMode":0,"name":"Shaded","section":"Shading Mode"},"sceneLighting":true,"audioPlay":false,"sceneViewState":{"showFog":true,"showMaterialUpdate":false,"showSkybox":true,"showFlares":true,"showImageEffects":true,"showParticleSystems":true},"in2DMode":false,"pivot":{"x":-6.32557487487793,"y":10.37069034576416,"z":9.85892105102539},"rotation":{"x":0.030698955059051515,"y":-0.9352828860282898,"z":0.3424651622772217,"w":0.08383499085903168},"size":29.345779418945314,"orthographic":false}