{"cameraMode":{"drawMode":0,"name":"Shaded","section":"Shading Mode"},"sceneLighting":true,"audioPlay":false,"sceneViewState":{"showFog":true,"showMaterialUpdate":false,"showSkybox":true,"showFlares":true,"showImageEffects":true,"showParticleSystems":true},"in2DMode":false,"pivot":{"x":-9.311481475830079,"y":-1.8243536949157715,"z":9.186260223388672},"rotation":{"x":0.20782585442066194,"y":-0.7742149233818054,"z":0.3177017867565155,"w":0.5064632892608643},"size":5.8416595458984379,"orthographic":false}